LeftResidue,CorePeptide,Left_Sum
,EAEDLQVGQVELGGGPGAGSLQPLALEGSLQ,1190000.0
,AEDLQVGQVELGGGPGAGSLQ,17394000.0
,AEDLQVGQVELGGGPGAGSLQP,2020000.0
,AEDLQVGQVELGGGPGAGSLQPLA,35170000.0
,AEDLQVGQVELGGGPGAGSLQPLAL,7050000.0
,AEDLQVGQVELGGGPGAGSLQPLALEGS,5758000.0
,AEDLQVGQVELGGGPGAGSLQPLALEGSL,7980000.0
,AEDLQVGQVELGGGPGAGSLQPLALEGSLQ,38360000.0
,EDLQVGQVELGGGP,12250000.0
,EDLQVGQVELGGGPGAG,415000.0
,EDLQVGQVELGGGPGAGSLQ,11868000.0
,EDLQVGQVELGGGPGAGSLQP,2430000.0
,EDLQVGQVELGGGPGAGSLQPL,49900000.0
,EDLQVGQVELGGGPGAGSLQPLAL,12360000.0
,EDLQVGQVELGGGPGAGSLQPLALEG,2560000.0
,EDLQVGQVELGGGPGAGSLQPLALEGS,18983000.0
,EDLQVGQVELGGGPGAGSLQPLALEGSLQ,154500000.0
,DLQVGQVEL,12090000.0
,DLQVGQVELGGGP,15630000.0
,DLQVGQVELGGGPG,8148000.0
,DLQVGQVELGGGPGA,4221000.0
,DLQVGQVELGGGPGAG,14943000.0
,DLQVGQVELGGGPGAGS,7059000.0
,DLQVGQVELGGGPGAGSL,9158000.0
,DLQVGQVELGGGPGAGSLQ,441000000.0
,DLQVGQVELGGGPGAGSLQP,264499000.0
,DLQVGQVELGGGPGAGSLQPL,371930000.0
,DLQVGQVELGGGPGAGSLQPLA,329200000.0
,DLQVGQVELGGGPGAGSLQPLAL,35620000.0
,DLQVGQVELGGGPGAGSLQPLALE,7290000.0
,DLQVGQVELGGGPGAGSLQPLALEG,23330000.0
,DLQVGQVELGGGPGAGSLQPLALEGS,354110000.0
,DLQVGQVELGGGPGAGSLQPLALEGSL,120740000.0
,DLQVGQVELGGGPGAGSLQPLALEGSLQ,648831000.0
,DLQVGQVELGGGPGAGSLQPLALEGSLQK,772000.0
,LQVGQVELGGGP,2892000.0
,LQVGQVELGGGPGAGSLQ,4789000.0
,LQVGQVELGGGPGAGSLQP,597000.0
,LQVGQVELGGGPGAGSLQPL,10030000.0
,LQVGQVELGGGPGAGSLQPLA,3955000.0
,LQVGQVELGGGPGAGSLQPLALEGSLQ,3420000.0
,QVGQVELGGGPGAGSLQ,9152000.0
,QVGQVELGGGPGAGSLQP,972000.0
,QVGQVELGGGPGAGSLQPL,4485000.0
,QVGQVELGGGPGAGSLQPLA,6370000.0
,VGQVELGGGPGAGSLQ,10800000.0
,VGQVELGGGPGAGSLQP,3074000.0
,VGQVELGGGPGAGSLQPL,23302000.0
,VGQVELGGGPGAGSLQPLA,2410000.0
,GQVELGGGPGAGSLQ,3230000.0
,GQVELGGGPGAGSLQP,979000.0
,GQVELGGGPGAGSLQPL,6750000.0
,GQVELGGGPGAGSLQPLA,4931000.0
,QVELGGGPGAGSLQ,2642000.0
,QVELGGGPGAGSLQP,1180000.0
,QVELGGGPGAGSLQPL,1047000.0
,QVELGGGPGAGSLQPLA,1585000.0
,VELGGGPGAGSLQ,15990000.0
,VELGGGPGAGSLQPL,6275000.0
,VELGGGPGAGSLQPLALEGSLQ,2064000.0
,ELGGGPGAGSLQ,2418000.0
,ELGGGPGAGSLQPLA,787000.0
,LGGGPGAGSLQ,10130000.0
,GGGPGAGSLQ,1922000.0
,GGGPGAGSLQPLA,9610000.0
,GGGPGAGSLQPLAL,4370000.0
,GGGPGAGSLQPLALEG,1410000.0
,GGGPGAGSLQPLALEGS,2477000.0
,GGGPGAGSLQPLALEGSLQ,19800000.0
,GGPGAGSLQP,2280000.0
,GGPGAGSLQPLA,917000.0
,GGPGAGSLQPLALEGSLQ,2488000.0
,GPGAGSLQPLALEGSLQ,930000.0
,GAGSLQPLALEGS,3540000.0
,GAGSLQPLALEGSL,4300000.0
,GAGSLQPLALEGSLQ,24030000.0
,SLQPLALEGSLQ,963000.0
,LQPLALEGSL,168200.0
,LQPLALEGSLQ,16225000.0
,LALEGSLQ,329000.0
