RightResidue,CorePeptide,Left_Sum,Total_Sum
A,DLQVGQVELGGGPGAGSLQPL,371930000.0,371930000.0
A,EDLQVGQVELGGGPGAGSLQPL,49900000.0,49900000.0
A,VGQVELGGGPGAGSLQPL,23302000.0,23302000.0
A,LQVGQVELGGGPGAGSLQPL,10030000.0,10030000.0
A,DLQVGQVELGGGPG,8148000.0,8148000.0
A,GQVELGGGPGAGSLQPL,6750000.0,6750000.0
A,VELGGGPGAGSLQPL,6275000.0,6275000.0
A,QVGQVELGGGPGAGSLQPL,4485000.0,4485000.0
A,QVELGGGPGAGSLQPL,1047000.0,1047000.0
E,DLQVGQVELGGGPGAGSLQPLAL,35620000.0,35620000.0
E,EDLQVGQVELGGGPGAGSLQPLAL,12360000.0,12360000.0
E,AEDLQVGQVELGGGPGAGSLQPLAL,7050000.0,7050000.0
E,GGGPGAGSLQPLAL,4370000.0,4370000.0
G,DLQVGQVELGGGP,15630000.0,15630000.0
G,EDLQVGQVELGGGP,12250000.0,12250000.0
G,DLQVGQVEL,12090000.0,12090000.0
G,DLQVGQVELGGGPGAGSLQPLALE,7290000.0,7290000.0
G,DLQVGQVELGGGPGA,4221000.0,4221000.0
G,LQVGQVELGGGP,2892000.0,2892000.0
K,DLQVGQVELGGGPGAGSLQPLALEGSLQ,648831000.0,648831000.0
K,EDLQVGQVELGGGPGAGSLQPLALEGSLQ,154500000.0,154500000.0
K,AEDLQVGQVELGGGPGAGSLQPLALEGSLQ,38360000.0,38360000.0
K,GAGSLQPLALEGSLQ,24030000.0,24030000.0
K,GGGPGAGSLQPLALEGSLQ,19800000.0,19800000.0
K,LQPLALEGSLQ,16225000.0,16225000.0
K,LQVGQVELGGGPGAGSLQPLALEGSLQ,3420000.0,3420000.0
K,GGPGAGSLQPLALEGSLQ,2488000.0,2488000.0
K,VELGGGPGAGSLQPLALEGSLQ,2064000.0,2064000.0
K,EAEDLQVGQVELGGGPGAGSLQPLALEGSLQ,1190000.0,1190000.0
K,SLQPLALEGSLQ,963000.0,963000.0
K,GPGAGSLQPLALEGSLQ,930000.0,930000.0
K,LALEGSLQ,329000.0,329000.0
L,DLQVGQVELGGGPGAGSLQPLALEGS,354110000.0,354110000.0
L,DLQVGQVELGGGPGAGSLQPLA,329200000.0,329200000.0
L,DLQVGQVELGGGPGAGSLQP,264499000.0,264499000.0
L,AEDLQVGQVELGGGPGAGSLQPLA,35170000.0,35170000.0
L,EDLQVGQVELGGGPGAGSLQPLALEGS,18983000.0,18983000.0
L,GGGPGAGSLQPLA,9610000.0,9610000.0
L,DLQVGQVELGGGPGAGS,7059000.0,7059000.0
L,QVGQVELGGGPGAGSLQPLA,6370000.0,6370000.0
L,AEDLQVGQVELGGGPGAGSLQPLALEGS,5758000.0,5758000.0
L,GQVELGGGPGAGSLQPLA,4931000.0,4931000.0
L,LQVGQVELGGGPGAGSLQPLA,3955000.0,3955000.0
L,GAGSLQPLALEGS,3540000.0,3540000.0
L,VGQVELGGGPGAGSLQP,3074000.0,3074000.0
L,GGGPGAGSLQPLALEGS,2477000.0,2477000.0
L,EDLQVGQVELGGGPGAGSLQP,2430000.0,2430000.0
L,VGQVELGGGPGAGSLQPLA,2410000.0,2410000.0
L,GGPGAGSLQP,2280000.0,2280000.0
L,AEDLQVGQVELGGGPGAGSLQP,2020000.0,2020000.0
L,QVELGGGPGAGSLQPLA,1585000.0,1585000.0
L,QVELGGGPGAGSLQP,1180000.0,1180000.0
L,GQVELGGGPGAGSLQP,979000.0,979000.0
L,QVGQVELGGGPGAGSLQP,972000.0,972000.0
L,GGPGAGSLQPLA,917000.0,917000.0
L,ELGGGPGAGSLQPLA,787000.0,787000.0
L,LQVGQVELGGGPGAGSLQP,597000.0,597000.0
P,DLQVGQVELGGGPGAGSLQ,441000000.0,441000000.0
P,AEDLQVGQVELGGGPGAGSLQ,17394000.0,17394000.0
P,VELGGGPGAGSLQ,15990000.0,15990000.0
P,EDLQVGQVELGGGPGAGSLQ,11868000.0,11868000.0
P,VGQVELGGGPGAGSLQ,10800000.0,10800000.0
P,LGGGPGAGSLQ,10130000.0,10130000.0
P,QVGQVELGGGPGAGSLQ,9152000.0,9152000.0
P,LQVGQVELGGGPGAGSLQ,4789000.0,4789000.0
P,GQVELGGGPGAGSLQ,3230000.0,3230000.0
P,QVELGGGPGAGSLQ,2642000.0,2642000.0
P,ELGGGPGAGSLQ,2418000.0,2418000.0
P,GGGPGAGSLQ,1922000.0,1922000.0
Q,DLQVGQVELGGGPGAGSLQPLALEGSL,120740000.0,120740000.0
Q,DLQVGQVELGGGPGAGSL,9158000.0,9158000.0
Q,AEDLQVGQVELGGGPGAGSLQPLALEGSL,7980000.0,7980000.0
Q,GAGSLQPLALEGSL,4300000.0,4300000.0
Q,LQPLALEGSL,168200.0,168200.0
R,DLQVGQVELGGGPGAGSLQPLALEGSLQK,772000.0,772000.0
S,DLQVGQVELGGGPGAGSLQPLALEG,23330000.0,23330000.0
S,DLQVGQVELGGGPGAG,14943000.0,14943000.0
S,EDLQVGQVELGGGPGAGSLQPLALEG,2560000.0,2560000.0
S,GGGPGAGSLQPLALEG,1410000.0,1410000.0
S,EDLQVGQVELGGGPGAG,415000.0,415000.0
